ImageNumber,ObjectNumber,Intensity_IntegratedIntensityEdge_OrigGreen,Intensity_IntegratedIntensity_OrigGreen,Intensity_LowerQuartileIntensity_OrigGreen,Intensity_MADIntensity_OrigGreen,Intensity_MassDisplacement_OrigGreen,Intensity_MaxIntensityEdge_OrigGreen,Intensity_MaxIntensity_OrigGreen,Intensity_MeanIntensityEdge_OrigGreen,Intensity_MeanIntensity_OrigGreen,Intensity_MedianIntensity_OrigGreen,Intensity_MinIntensityEdge_OrigGreen,Intensity_MinIntensity_OrigGreen,Intensity_StdIntensityEdge_OrigGreen,Intensity_StdIntensity_OrigGreen,Intensity_UpperQuartileIntensity_OrigGreen,Location_CenterMassIntensity_X_OrigGreen,Location_CenterMassIntensity_Y_OrigGreen,Location_CenterMassIntensity_Z_OrigGreen,Location_Center_X,Location_Center_Y,Location_Center_Z,Location_MaxIntensity_X_OrigGreen,Location_MaxIntensity_Y_OrigGreen,Location_MaxIntensity_Z_OrigGreen,Number_Object_Number,Parent_Nuclei
1,1,4.775335997343063,9.402930796146393,0.2837606966495514,0.013675212860107422,0.01873714999317048,0.2925519049167633,0.3301587402820587,0.28090211749076843,0.2938415873795748,0.29010990262031555,0.26056167483329773,0.26056167483329773,0.008333914516273131,0.017121600913005994,0.3067155182361603,738.3563952752281,192.62277626304854,0.0,738.375,192.625,0,737.0,193.0,0.0,1,1
1,2,6.793895214796066,16.431990683078766,0.32600733637809753,0.016605615615844727,0.011447247423120647,0.3384615480899811,0.40122100710868835,0.32351881975219365,0.3423331392308076,0.3384615480899811,0.311355322599411,0.311355322599411,0.007986796166919068,0.02135553868926241,0.3589743673801422,731.6115115391368,205.30371977665644,0.0,731.6041666666666,205.3125,0,731.0,205.0,0.0,2,1
1,3,4.926251769065857,11.660073727369308,0.2769230902194977,0.018437117338180542,0.03757862702756284,0.2967033088207245,0.3677655756473541,0.273680653836992,0.29897624941972584,0.29511600732803345,0.2549450695514679,0.2549450695514679,0.010132202571191497,0.030373808716206315,0.31489622592926025,783.676321517802,224.52571835340981,0.0,783.6410256410256,224.51282051282053,0,784.0,225.0,0.0,3,1
1,4,4.308913499116898,5.794383645057678,0.2827838957309723,0.007326006889343262,0.004731286373962945,0.30012211203575134,0.30109891295433044,0.2872608999411265,0.2897191822528839,0.2925519049167633,0.2735042870044708,0.2735042870044708,0.00749535158023519,0.00798628094194459,0.2974359095096588,736.4545684418766,235.10123061349444,0.0,736.45,235.1,0,739.0,236.0,0.0,4,1
1,5,8.454701215028763,29.89694830775261,0.29706960916519165,0.0387057363986969,0.09675511820318763,0.32503053545951843,0.4434676468372345,0.2915414212078884,0.34364308399715643,0.33186814188957214,0.2735042870044708,0.2735042870044708,0.012777309113797295,0.050342287809115975,0.3896214962005615,801.646355415639,238.8964779348759,0.0,801.7241379310345,238.95402298850576,0,799.0,238.0,0.0,5,1
1,6,5.772405624389648,14.95335829257965,0.29010990262031555,0.01807081699371338,0.025185277548971007,0.3125763237476349,0.371184378862381,0.2886202812194824,0.3115282977620761,0.3086691200733185,0.2715506851673126,0.2715506851673126,0.008857401876525717,0.025913188513810696,0.32600733637809753,746.5894111128856,241.20875657509816,0.0,746.6041666666666,241.22916666666666,0,746.0,241.0,0.0,6,1
1,7,6.018559485673904,14.892308235168457,0.2886447012424469,0.021489620208740234,0.022857173209563555,0.3186813294887543,0.3680097758769989,0.2865980707463764,0.3102564215660095,0.30695971846580505,0.2598290741443634,0.2598290741443634,0.013642879610730142,0.028268747687168548,0.33162394165992737,724.3744752742541,241.77897481228368,0.0,724.3958333333334,241.77083333333334,0,725.0,242.0,0.0,7,1
1,8,6.29499414563179,18.802198380231857,0.3036019653081894,0.023565322160720825,0.03198570796974592,0.31672772765159607,0.4129426181316376,0.2997616259824662,0.32986312947775187,0.323321133852005,0.2778998911380768,0.2778998911380768,0.00938840782627576,0.03251398785556004,0.3578754663467407,840.9698811606654,256.8982271604624,0.0,840.9649122807018,256.9298245614035,0,841.0,256.0,0.0,8,1
1,9,6.645177379250526,24.565812692046165,0.27814409136772156,0.053235650062561035,0.025042824546839596,0.28424909710884094,0.48058608174324036,0.26580709517002105,0.33197044178440765,0.3184371292591095,0.24639804661273956,0.24639804661273956,0.011443823052711617,0.06603829672079899,0.3808302879333496,853.4844279612812,257.3262522709166,0.0,853.4594594594595,257.3243243243243,0,854.0,258.0,0.0,9,1
1,10,5.726495996117592,15.607082471251488,0.2616605758666992,0.018315017223358154,0.05202548787177704,0.2759462893009186,0.33894994854927063,0.26029527255079965,0.28376513584093616,0.27924299240112305,0.24542124569416046,0.24542124569416046,0.007138578980273714,0.0246402978980955,0.30195361375808716,734.2180062906399,259.07020700994866,0.0,734.2181818181818,259.0181818181818,0,735.0,260.0,0.0,10,1
1,11,2.456410378217697,4.1753359735012054,0.26849818229675293,0.010378509759902954,0.0157992797355373,0.2893773019313812,0.30598291754722595,0.272934486468633,0.27835573156674703,0.27899879217147827,0.2630036771297455,0.2630036771297455,0.0083648233214682,0.012124032469924427,0.2886447012424469,773.8110305287056,259.78868873673565,0.0,773.8,259.8,0,774.0,259.0,0.0,11,1
1,12,7.309890419244766,23.75335845351219,0.29914531111717224,0.03186812996864319,0.024109042560747383,0.3155067265033722,0.42515262961387634,0.29239561676979064,0.3345543444156647,0.32600733637809753,0.2717948853969574,0.2717948853969574,0.011408700203237043,0.04324520856895667,0.36831502616405487,777.8661046552662,269.25582399611477,0.0,777.8450704225352,269.2676056338028,0,778.0,269.0,0.0,12,1
1,13,2.9741149246692657,4.091086894273758,0.26642248034477234,0.00634920597076416,0.003987005541472755,0.2847374975681305,0.2893773019313812,0.27037408406084235,0.2727391262849172,0.2737484872341156,0.2576312720775604,0.2576312720775604,0.00798651729135846,0.008522490831531202,0.2789377421140671,794.399033009119,268.5961320364759,0.0,794.4,268.6,0,795.0,269.0,0.0,13,1
1,14,9.571184784173965,28.309158474206924,0.29597070813179016,0.018681317567825317,0.043744998220001344,0.32185593247413635,0.40122100710868835,0.2900359025507262,0.3180804322944598,0.313553124666214,0.2715506851673126,0.2715506851673126,0.012360559265402563,0.03062604400551524,0.3345543444156647,863.5749271127064,269.3068422966749,0.0,863.6179775280899,269.314606741573,0,860.0,269.0,0.0,14,1
1,15,2.8239317685365677,4.427350655198097,0.2551282197237015,0.00476190447807312,0.009694933970571916,0.2630036771297455,0.28327229619026184,0.2567210698669607,0.260432391482241,0.2609279751777649,0.24835164844989777,0.24835164844989777,0.004654495046863016,0.007695952576250447,0.2640415281057358,811.22857143011,272.30110314754006,0.0,811.2352941176471,272.29411764705884,0,810.0,273.0,0.0,15,1
1,16,2.5941393077373505,4.005128383636475,0.2531135678291321,0.0158730149269104,0.030423197457084505,0.28009769320487976,0.2947497069835663,0.25941393077373504,0.2670085589090983,0.2688644826412201,0.2371184378862381,0.2371184378862381,0.013770840338434034,0.017344707255655473,0.2824786454439163,847.6526431230559,276.56033168824825,0.0,847.6666666666666,276.53333333333336,0,848.0,277.0,0.0,16,1
1,17,11.311844021081924,44.00805938243866,0.35555556416511536,0.043223440647125244,0.025564644439605388,0.3721611797809601,0.5262515544891357,0.3427831521539977,0.4000732671130787,0.3936507999897003,0.31575092673301697,0.31575092673301697,0.015552138847914919,0.05351351254108508,0.44200244545936584,748.5375638818704,285.2172540253052,0.0,748.5545454545454,285.23636363636365,0,748.0,284.0,0.0,17,1
1,18,4.081318885087967,7.815629184246063,0.2705738842487335,0.007081806659698486,0.005355494997241438,0.28131869435310364,0.3032967150211334,0.27208792567253115,0.2791296137230737,0.28034189343452454,0.26617828011512756,0.26617828011512756,0.005649564088374674,0.009689084490918393,0.2847374975681305,860.7812529297062,286.81846586502496,0.0,860.7857142857143,286.82142857142856,0,862.0,287.0,0.0,18,1
1,19,7.323565661907196,25.825641751289368,0.28913310170173645,0.041025638580322266,0.07657509415977326,0.3042735159397125,0.4710622727870941,0.281675602381046,0.3398110756748601,0.32869353890419006,0.2598290741443634,0.2598290741443634,0.012369805665521792,0.06030277422006267,0.37826618552207947,820.3612466392298,288.1883770242025,0.0,820.3157894736842,288.25,0,821.0,288.0,0.0,19,1
1,20,8.079365402460098,30.436386615037918,0.30683761835098267,0.05396825075149536,0.0693608309223811,0.3452991545200348,0.5851038098335266,0.2992357556466703,0.3757578594449126,0.3531135618686676,0.26739928126335144,0.26739928126335144,0.017514848770845706,0.07952976352091706,0.43595848977565765,772.2837760821413,289.70455803918526,0.0,772.3333333333334,289.75308641975306,0,771.0,289.0,0.0,20,1
1,21,8.292308062314987,19.15604469180107,0.2847374975681305,0.014163613319396973,0.06813128459487285,0.3032967150211334,0.36947497725486755,0.28594165732120647,0.30406420145715984,0.295604407787323,0.2705738842487335,0.2705738842487335,0.008407879937710909,0.025609750259070377,0.31691087782382965,765.138238750238,297.98581153417786,0.0,765.2063492063492,297.984126984127,0,764.0,298.0,0.0,21,1
1,22,7.2432237565517426,22.090354710817337,0.28693529963493347,0.04224663972854614,0.020293216120491276,0.3006105124950409,0.46691086888313293,0.27858552909814394,0.33470234410329297,0.3186813294887543,0.2471306473016739,0.2471306473016739,0.014135900727771461,0.060355327514666955,0.3808302879333496,881.4991930176047,298.16154101732394,0.0,881.5,298.1818181818182,0,881.0,298.0,0.0,22,2
1,23,6.826618164777756,20.196826100349426,0.27619048953056335,0.031013429164886475,0.020970746275192808,0.3042735159397125,0.4561660587787628,0.27306472659111025,0.3155754078179598,0.30158731341362,0.2547008693218231,0.2547008693218231,0.012025764218325982,0.049259177504728024,0.33894994854927063,816.7771503899845,302.1022537670256,0.0,816.796875,302.109375,0,816.0,302.0,0.0,23,1
1,24,2.7553114891052246,4.173382371664047,0.27619048953056335,0.004151403903961182,0.012501356480195788,0.2854700982570648,0.2903541028499603,0.27553114891052244,0.27822549144426983,0.2794871926307678,0.2647130787372589,0.2647130787372589,0.006432300800268224,0.006951013680993483,0.283638596534729,891.3242246937784,305.7418958446065,0.0,891.3333333333334,305.73333333333335,0,892.0,306.0,0.0,24,2
1,25,3.4371185898780823,5.378754794597626,0.28119659423828125,0.01953601837158203,0.020361384589325075,0.30793651938438416,0.3504273593425751,0.28642654915650684,0.2988197108109792,0.30207571387290955,0.26349207758903503,0.26349207758903503,0.015376361882687855,0.022994188930144686,0.3181929290294647,925.5979751216224,307.62666848115066,0.0,925.6111111111111,307.6111111111111,0,926.0,308.0,0.0,25,2
1,26,9.481807321310043,31.21611776947975,0.35763126611709595,0.04126983880996704,0.020187202608463437,0.380952388048172,0.5101343393325806,0.351178048937409,0.40020663807025325,0.3946276009082794,0.32576313614845276,0.32576313614845276,0.012487936605323657,0.04879165522420765,0.44188034534454346,911.1739263102037,311.50623484410096,0.0,911.1794871794872,311.52564102564105,0,911.0,311.0,0.0,26,2
1,27,10.65592211484909,46.63663125038147,0.37142857909202576,0.07155069708824158,0.07861944491615458,0.45177045464515686,0.6989011168479919,0.355197403828303,0.4572218750037399,0.43321123719215393,0.311355322599411,0.311355322599411,0.03108377220755745,0.10210267041994815,0.5317460596561432,871.5329332874521,316.2632306493589,0.0,871.5490196078431,316.1862745098039,0,871.0,316.0,0.0,27,2
1,28,9.093529015779495,41.814409017562866,0.3294261395931244,0.08656898140907288,0.021756109295222075,0.3413919508457184,0.6959707140922546,0.3135699660613619,0.43107638162435946,0.40537241101264954,0.28009769320487976,0.28009769320487976,0.015107909548393599,0.11540023106116691,0.5201465487480164,925.7423290303802,317.52896104826243,0.0,925.7628865979382,317.5360824742268,0,926.0,317.0,0.0,28,2
1,29,6.495238408446312,18.627839490771294,0.2757020890712738,0.03296703100204468,0.01875115051452213,0.28913310170173645,0.40415140986442566,0.270634933685263,0.3104639915128549,0.30695971846580505,0.2410256415605545,0.2410256415605545,0.011172273353475504,0.0407409824879394,0.34163615107536316,421.7288053383753,320.1857081038778,0.0,421.71666666666664,320.2,0,422.0,320.0,0.0,29,3
1,30,10.052747458219528,25.634432643651962,0.37362638115882874,0.018315017223358154,0.03767536855497566,0.4153846204280853,0.4442002475261688,0.3723239799340566,0.3943758868254148,0.39133089780807495,0.33260074257850647,0.33260074257850647,0.019506035613278596,0.027817164977019585,0.4157509207725525,892.4826479162309,320.3016680472669,0.0,892.4461538461538,320.2923076923077,0,893.0,319.0,0.0,30,2
1,31,6.126496031880379,18.526984825730324,0.273565337061882,0.02710622549057007,0.016293142528499983,0.28302809596061707,0.40244200825691223,0.26636939269045123,0.30372106271689053,0.2937729060649872,0.24468864500522614,0.24468864500522614,0.010873847953035263,0.0399306865564762,0.3323565423488617,455.69288764548634,325.6728264934096,0.0,455.6885245901639,325.6885245901639,0,456.0,325.0,0.0,31,3
1,32,10.40170967578888,39.32967132329941,0.35763126611709595,0.056410253047943115,0.07600820225944788,0.4473748505115509,0.591208815574646,0.34672365585962933,0.41840075875850435,0.40537241101264954,0.30207571387290955,0.30207571387290955,0.03594442031894718,0.07547020155322713,0.46654456853866577,870.9628077267621,326.6571171402657,0.0,871.0,326.72340425531917,0,870.0,327.0,0.0,32,2
1,33,13.747253060340881,59.73016020655632,0.37655678391456604,0.07509158551692963,0.058447789463741434,0.4178266227245331,0.7015873193740845,0.3617698173773916,0.4630244977252428,0.44481074810028076,0.30989012122154236,0.30989012122154236,0.02442713569778239,0.10217815174036143,0.542063519358635,902.0655859770823,326.73700198458937,0.0,902.1240310077519,326.73643410852713,0,902.0,327.0,0.0,33,2
1,34,8.943101644515991,29.310623347759247,0.32698413729667664,0.035164833068847656,0.05850420233711779,0.3501831591129303,0.4932844936847687,0.31939648730414255,0.3663827918469906,0.35457876324653625,0.2947497069835663,0.2947497069835663,0.015596748041245962,0.04958527520985951,0.4056166112422943,858.291909321061,332.7795579375116,0.0,858.3,332.8375,0,858.0,331.0,0.0,34,2
1,35,10.39291849732399,30.65714356303215,0.3362026959657669,0.024175822734832764,0.03359562642231329,0.3750915825366974,0.4307692348957062,0.33525543539754804,0.36067227721214296,0.3611721694469452,0.3155067265033722,0.3155067265033722,0.013218829107734626,0.027472379783946493,0.38253968954086304,881.4494945901407,331.5577062479398,0.0,881.4823529411765,331.56470588235294,0,883.0,332.0,0.0,35,2
1,36,7.824176162481308,29.53626462817192,0.29426130652427673,0.07191696763038635,0.09312737279110561,0.3191697299480438,0.6090354323387146,0.2897843023141225,0.38358785231392106,0.36153846979141235,0.2686202824115753,0.2686202824115753,0.012614998584179015,0.09626808449712511,0.4605006128549576,448.50825541301447,339.116824170082,0.0,448.4415584415584,339.1818181818182,0,449.0,339.0,0.0,36,3
1,37,6.69719198346138,16.566789388656616,0.2937729060649872,0.013919413089752197,0.02547775442372709,0.30891332030296326,0.34676435589790344,0.2911822601504948,0.30679239608623365,0.3032967150211334,0.27228328585624695,0.27228328585624695,0.010369228281950253,0.01912710262847451,0.3214896321296692,413.31932017287875,339.8779793940522,0.0,413.2962962962963,339.8888888888889,0,413.0,340.0,0.0,37,3
1,38,11.399023532867432,56.3697207570076,0.3568986654281616,0.07594627141952515,0.14919381638246618,0.3819291889667511,0.7369963526725769,0.3352653980255127,0.4509577660560608,0.4177045226097107,0.2893773019313812,0.2893773019313812,0.02080246095694697,0.11325655827665038,0.5327839106321335,918.1098841579947,344.5550828722735,0.0,918.0,344.656,0,918.0,344.0,0.0,38,2
1,39,6.040293335914612,17.606349915266037,0.27838829159736633,0.01855921745300293,0.04201710127214845,0.29792430996894836,0.37338218092918396,0.2745587879961187,0.2984127104282379,0.2935287058353424,0.2598290741443634,0.2598290741443634,0.01029107463569027,0.026752683978601727,0.3164224773645401,509.20574772863245,347.2076756615593,0.0,509.1694915254237,347.1864406779661,0,510.0,348.0,0.0,39,3
1,40,6.019292086362839,17.20561718940735,0.29230770468711853,0.027350425720214844,0.03609471282538395,0.3115995228290558,0.38754579424858093,0.28663295649346854,0.31862254054458056,0.3155067265033722,0.2676434814929962,0.2676434814929962,0.011387095938687372,0.03275018674492774,0.3511599600315094,429.7259747058948,352.10122486321006,0.0,429.7037037037037,352.1296296296296,0,431.0,351.0,0.0,40,3
1,41,12.396337389945984,41.865202486515045,0.3334554433822632,0.04700854420661926,0.21865428042116083,0.357020765542984,0.5404151678085327,0.32621940499857854,0.3912635746403275,0.37155067920684814,0.2888889014720917,0.2888889014720917,0.015657322675804754,0.06800062295903989,0.44981685280799866,494.8004234756766,352.6699506569467,0.0,494.7102803738318,352.86915887850466,0,495.0,352.0,0.0,41,3
1,42,11.275946617126465,41.69401815533638,0.3433455526828766,0.049572646617889404,0.0641165705085347,0.3760683834552765,0.5843712091445923,0.33164548873901367,0.40090402072438824,0.378754585981369,0.2835164964199066,0.2835164964199066,0.022752084235764424,0.07398364001781121,0.4600732624530792,393.5603940544351,356.8854671166794,0.0,393.58653846153845,356.8269230769231,0,393.0,356.0,0.0,42,3
1,43,5.881807327270508,15.32039126753807,0.2730158865451813,0.02710622549057007,0.019946896949903096,0.2945055067539215,0.38730159401893616,0.26735487851229583,0.3003998287752563,0.29401710629463196,0.24371184408664703,0.24371184408664703,0.01418362869659142,0.03798313272891606,0.3295482397079468,413.46446275769404,356.68689927568533,0.0,413.47058823529414,356.70588235294116,0,414.0,357.0,0.0,43,3
1,44,13.283272624015808,61.528451055288315,0.373076930642128,0.09682540595531464,0.0589813011002751,0.412454217672348,0.7594627737998962,0.34955980589515284,0.47696473686270013,0.4564102590084076,0.2844932973384857,0.2844932973384857,0.031104765889345885,0.12500860375804435,0.5860195606946945,921.4665481296154,363.7760389584952,0.0,921.5038759689922,363.8217054263566,0,922.0,364.0,0.0,44,2
1,45,7.908425211906433,20.85543406009674,0.30915752053260803,0.02393162250518799,0.022052164928415125,0.32283273339271545,0.43492063879966736,0.30417020045793974,0.33637796871123776,0.32771673798561096,0.2666666805744171,0.2666666805744171,0.013480644377259767,0.0375238958259316,0.36446887254714966,491.407678885335,367.3143683470147,0.0,491.38709677419354,367.30645161290323,0,491.0,368.0,0.0,45,3
1,46,8.958242028951645,35.37118515372276,0.3503663092851639,0.055311352014541626,0.06325546952359735,0.36654457449913025,0.5514041781425476,0.33178674181302387,0.40656534659451454,0.40048840641975403,0.2925519049167633,0.2925519049167633,0.019268047497458782,0.06752656225631751,0.46471306681632996,885.7954226939349,371.39995857321094,0.0,885.735632183908,371.37931034482756,0,887.0,371.0,0.0,46,2
1,47,3.6781442761421204,8.085226267576218,0.2627594769001007,0.014407813549041748,0.011743963948957136,0.27741149067878723,0.32503053545951843,0.2627245911530086,0.27880090577849026,0.2768009901046753,0.25225886702537537,0.25225886702537537,0.007894591382573092,0.021347539595279984,0.2918803542852402,866.4760035043012,373.093841554683,0.0,866.4827586206897,373.1034482758621,0,867.0,373.0,0.0,47,2
1,48,7.774359345436096,28.657387912273407,0.2837606966495514,0.044688642024993896,0.050046847780686285,0.29304030537605286,0.4415140450000763,0.277655690908432,0.33322544084038846,0.3235653340816498,0.2586080729961395,0.2586080729961395,0.009133172537987556,0.05291672653220327,0.3837606906890869,407.56147317026426,376.21644283904067,0.0,407.51162790697674,376.22093023255815,0,407.0,375.0,0.0,48,3
1,49,7.173382520675659,23.400000721216202,0.28101344406604767,0.04505494236946106,0.03397275192057863,0.29914531111717224,0.43223443627357483,0.27589932771829456,0.3295774749467071,0.3241758346557617,0.25518926978111267,0.25518926978111267,0.011759319072459244,0.05234841265476146,0.37747253477573395,459.6301931689811,375.21687903433724,0.0,459.63380281690144,375.1830985915493,0,459.0,377.0,0.0,49,3
1,50,2.9873017370700836,4.505006313323975,0.2695970833301544,0.013186812400817871,0.00999178727111698,0.30207571387290955,0.325518935918808,0.2715728851881894,0.2815628945827484,0.2766788899898529,0.25054946541786194,0.25054946541786194,0.014052735963407484,0.020499187515711937,0.29816851019859314,439.2476149178587,379.5722029478021,0.0,439.25,379.5625,0,439.0,380.0,0.0,50,3
1,51,7.50109925866127,21.012455016374588,0.27912089228630066,0.023443222045898438,0.06587090709390382,0.2986569106578827,0.36752137541770935,0.2778184910615285,0.3045283335706462,0.29792430996894836,0.2627594769001007,0.2627594769001007,0.010446519346182567,0.028898241464273316,0.325213685631752,430.5432094397541,386.04698649667034,0.0,430.4782608695652,386.05797101449275,0,431.0,386.0,0.0,51,3
1,52,4.015873193740845,6.386569261550903,0.28034189343452454,0.009279608726501465,0.0419137163986368,0.3057387173175812,0.3094017207622528,0.2868480852672032,0.2902986027977683,0.2908425033092499,0.2669108808040619,0.2669108808040619,0.01166610105598806,0.011661315118442211,0.2985348105430603,838.7689366377906,385.50456926500715,0.0,838.7272727272727,385.5,0,838.0,386.0,0.0,52,2
1,53,8.977778047323227,32.021978586912155,0.3459707051515579,0.039682537317276,0.04276220922706318,0.3682539761066437,0.48864468932151794,0.3325102980490084,0.38580697092665245,0.3768009841442108,0.2996337115764618,0.2996337115764618,0.016427515358443837,0.05029901119630764,0.4325396865606308,846.7413559030648,386.47402577562724,0.0,846.6987951807229,386.4698795180723,0,846.0,388.0,0.0,53,2
1,54,8.506960064172745,31.15360277891159,0.2997558116912842,0.04786324501037598,0.02954569931931686,0.3203907310962677,0.5330891609191895,0.29334345048871535,0.36225119510362314,0.33992674946784973,0.26715508103370667,0.26715508103370667,0.013232680814460683,0.07163587814806964,0.4178266227245331,872.0424067592169,389.3738457701982,0.0,872.0581395348837,389.3488372093023,0,872.0,390.0,0.0,54,2
1,55,6.13748499751091,11.724298417568207,0.2876679003238678,0.005128204822540283,0.003055593561589833,0.3054945170879364,0.3115995228290558,0.2922611903576624,0.29310746043920516,0.29133090376853943,0.2778998911380768,0.2778998911380768,0.007010521165059307,0.007375693400321913,0.29816851019859314,449.42750619624184,396.82674803673046,0.0,449.425,396.825,0,453.0,397.0,0.0,55,3
1,56,4.415629029273987,10.030037075281143,0.27710624039173126,0.010256409645080566,0.02341781901967507,0.2937729060649872,0.3272283375263214,0.2759768143296242,0.28657248786517553,0.2885226011276245,0.253724068403244,0.253724068403244,0.010192937403951595,0.014597417199934189,0.29517705738544464,473.98475884262314,398.5807464777893,0.0,473.9714285714286,398.6,0,475.0,398.0,0.0,56,3
1,57,3.0459097921848297,4.746276170015335,0.27515263855457306,0.005738705396652222,0.008593445291435861,0.2866910994052887,0.2879121005535126,0.2769008901986209,0.279192715883255,0.2805860936641693,0.26446887850761414,0.26446887850761414,0.006553783065056832,0.006701199331602147,0.28595849871635437,616.8271763733502,405.3607223700276,0.0,616.8235294117648,405.3529411764706,0,617.0,405.0,0.0,57,4
1,58,2.862759605050087,4.008303001523018,0.2576312720775604,0.011233210563659668,0.005102052624328424,0.27716729044914246,0.29621490836143494,0.2602508731863715,0.2672202001015345,0.2647130787372589,0.24884004890918732,0.24884004890918732,0.008181846614321723,0.014211102580002365,0.279853492975235,859.5999147091973,408.92823199366023,0.0,859.6,408.93333333333334,0,859.0,408.0,0.0,58,2
1,59,4.814163833856583,7.41123354434967,0.2799755930900574,0.005860805511474609,0.007952852094788304,0.29206350445747375,0.3032967150211334,0.2831861078739166,0.28504744401344884,0.28595849871635437,0.2659340798854828,0.2659340798854828,0.006256787647657698,0.007433097337028213,0.2905983030796051,886.6996935640899,415.4970509739813,0.0,886.6923076923077,415.5,0,887.0,415.0,0.0,59,2
1,60,3.3594629168510437,5.854456931352615,0.2567765712738037,0.011721611022949219,0.01404674620001714,0.2759462893009186,0.2937729060649872,0.2584202243731572,0.26611167869784613,0.26349207758903503,0.24517704546451569,0.24517704546451569,0.008208436402145539,0.013097750875091792,0.27728939056396484,844.9092767134149,418.4685909718218,0.0,844.9090909090909,418.45454545454544,0,845.0,419.0,0.0,60,2
1,61,8.34822991490364,31.003908187150955,0.2915751039981842,0.05201464891433716,0.11406833975343322,0.3225885331630707,0.6822955012321472,0.28786999706564276,0.378096441306719,0.33162394165992737,0.2630036771297455,0.2630036771297455,0.014234441428350127,0.10918053870028863,0.44212454557418823,872.3385606650096,419.287001519897,0.0,872.4512195121952,419.3048780487805,0,872.0,419.0,0.0,61,2
1,62,3.7543347477912903,6.603174924850464,0.26739928126335144,0.008302807807922363,0.0063326087206156565,0.2805860936641693,0.29792430996894836,0.26816676769937786,0.275132288535436,0.2730158865451813,0.26031747460365295,0.26031747460365295,0.0053619745087539784,0.010514482894061416,0.28424909710884094,859.9977440830846,419.49408284087764,0.0,860.0,419.5,0,860.0,420.0,0.0,62,2
1,63,3.933333545923233,7.1626377403736115,0.260012224316597,0.005128204822540283,0.01625409204801198,0.2705738842487335,0.28595849871635437,0.2622222363948822,0.26528287927309674,0.26434677839279175,0.2566544711589813,0.2566544711589813,0.004960090804666377,0.007218187454387945,0.2695970833301544,602.4286931932734,424.95895128066616,0.0,602.4444444444445,424.962962962963,0,602.0,425.0,0.0,63,4
1,64,8.611966162919998,30.94334641098976,0.3003663122653961,0.05982905626296997,0.14254282664291618,0.3433455526828766,0.6019536256790161,0.29696435044551717,0.3773578830608508,0.35384616255760193,0.2737484872341156,0.2737484872341156,0.018145303976202613,0.08735570162395952,0.4391941428184509,893.5235453408558,424.57017038515363,0.0,893.6585365853658,424.5243902439024,0,893.0,425.0,0.0,64,2
1,65,6.807082086801529,20.589499950408936,0.2957265079021454,0.03492063283920288,0.0693132730898334,0.3186813294887543,0.47252747416496277,0.2959600907305013,0.3431583325068156,0.3282051384449005,0.28327229619026184,0.28327229619026184,0.009838224055580375,0.05509210521151355,0.3721611797809601,688.1060796526489,450.2511919785496,0.0,688.0833333333334,450.31666666666666,0,689.0,450.0,0.0,65,4
1,66,12.777045547962189,51.15506821870804,0.34578755497932434,0.05128204822540283,0.14363212281160875,0.37460318207740784,0.5360195636749268,0.33623804073584707,0.39964897045865655,0.39536020159721375,0.27838829159736633,0.27838829159736633,0.023877251073402984,0.06376375535462896,0.4515262544155121,590.2534323085889,454.3440376067743,0.0,590.28125,454.203125,0,591.0,455.0,0.0,66,4
1,67,10.768009901046753,31.56239342689514,0.4153846204280853,0.021489620208740234,0.00914560124350899,0.4434676468372345,0.48351648449897766,0.41415422696333665,0.4383665753735436,0.4373626410961151,0.383150190114975,0.383150190114975,0.012672281780714884,0.024664980618114736,0.45860806107521057,652.7839115504158,464.3145967445732,0.0,652.7916666666666,464.31944444444446,0,653.0,464.0,0.0,67,4
1,68,8.204884350299835,27.55018389225006,0.29523810744285583,0.03296703100204468,0.10586731491588539,0.31770452857017517,0.4810744822025299,0.2930315839392798,0.3443772986531258,0.3203907310962677,0.26446887850761414,0.26446887850761414,0.013683072687409484,0.059664068060960376,0.38144078850746155,679.5287897296434,464.28937757277515,0.0,679.5,464.1875,0,680.0,464.0,0.0,68,4
1,69,5.669597297906876,13.439560860395432,0.30195361375808716,0.021611720323562622,0.031710433302873466,0.3223443329334259,0.4139194190502167,0.2983998577845724,0.32779416732671784,0.3141636252403259,0.27228328585624695,0.27228328585624695,0.012946000383976483,0.03673706565873014,0.3568986654281616,223.42943581444496,466.238066687585,0.0,223.4390243902439,466.2682926829268,0,224.0,466.0,0.0,69,5
1,70,6.34774124622345,13.315018475055695,0.39023199677467346,0.025641024112701416,0.04350287685295769,0.44200244545936584,0.47985348105430603,0.3967338278889656,0.41609432734549046,0.42417582869529724,0.35579976439476013,0.35579976439476013,0.024890741809675997,0.031425030597697766,0.4324786365032196,647.1302888557049,468.5388904189308,0.0,647.09375,468.5625,0,647.0,469.0,0.0,70,4
1,71,11.619536489248276,45.135288059711456,0.3064713180065155,0.03614163398742676,0.23675865381537523,0.321123331785202,0.47448107600212097,0.2979368330576481,0.35261943796649575,0.3333333432674408,0.279853492975235,0.279853492975235,0.010056925224655162,0.05559836693064097,0.3990232050418854,211.77420209563311,474.87138924949863,0.0,211.71875,475.1015625,0,213.0,472.0,0.0,71,5
1,72,5.097924500703812,11.818071216344833,0.2993284612894058,0.021978020668029785,0.028066712086506587,0.33284494280815125,0.35750916600227356,0.29987791180610657,0.319407330171482,0.31892552971839905,0.27838829159736633,0.27838829159736633,0.014567256197457105,0.022678591329380857,0.3403540998697281,244.904762890049,472.8891001113868,0.0,244.9189189189189,472.86486486486484,0,247.0,471.0,0.0,72,5
1,73,6.72161191701889,15.85714328289032,0.3340659439563751,0.010500609874725342,0.014396850641307983,0.3621489703655243,0.37460318207740784,0.3360805958509445,0.34472050614978955,0.34456655383110046,0.323321133852005,0.323321133852005,0.010240080291370364,0.012471412379231257,0.35457876324653625,617.3600215589672,473.2966966973582,0.0,617.3478260869565,473.30434782608694,0,617.0,472.0,0.0,73,4
1,74,13.0473752617836,45.39975693821907,0.32997559010982513,0.03601953387260437,0.3334309251694246,0.3687423765659332,0.5587301850318909,0.32618438154459,0.3815105625060426,0.3593406677246094,0.2974359095096588,0.2974359095096588,0.01550575193256307,0.06603210176843478,0.4193528741598129,591.0801346799367,477.4651179085276,0.0,590.781512605042,477.61344537815125,0,594.0,476.0,0.0,74,4
1,75,3.5802198946475983,6.359218746423721,0.3255799859762192,0.01269841194152832,0.017031952951182636,0.3440781533718109,0.3550671637058258,0.3254745358770544,0.3346957234959853,0.33675214648246765,0.30989012122154236,0.30989012122154236,0.009837590514929996,0.013823662074490144,0.34981685876846313,234.170269957809,477.8538074564289,0.0,234.1578947368421,477.8421052631579,0,235.0,478.0,0.0,75,5
1,76,6.265201717615128,14.749939441680908,0.2968254089355469,0.020512819290161133,0.032311583778707346,0.3194139301776886,0.38656899333000183,0.29834293893405367,0.3206508574278458,0.31575092673301697,0.28498169779777527,0.28498169779777527,0.00987013904414652,0.028440286954906396,0.3443223536014557,183.5250078658249,481.7560967558291,0.0,183.54347826086956,481.7826086956522,0,183.0,481.0,0.0,76,5
1,77,5.211233466863632,11.36410304903984,0.27435898780822754,0.014529913663864136,0.024613990549667467,0.29816851019859314,0.34261295199394226,0.2742754456244017,0.29138725766768825,0.28815630078315735,0.25641027092933655,0.25641027092933655,0.009821286917288237,0.021788344378335545,0.3044566661119461,152.65777032663533,481.7359893397399,0.0,152.64102564102564,481.71794871794873,0,152.0,481.0,0.0,77,5
1,78,7.006349414587021,16.566056549549103,0.3355311453342438,0.021489620208740234,0.02929328532033173,0.3560439646244049,0.44590964913368225,0.33363568640890573,0.3601316641206327,0.3550671637058258,0.31208792328834534,0.31208792328834534,0.011206864885202544,0.03246343671203838,0.386935293674469,240.35432942954466,483.535702704143,0.0,240.32608695652175,483.54347826086956,0,240.0,483.0,0.0,78,5
1,79,7.785104066133499,17.795604944229126,0.31111112236976624,0.014163613319396973,0.06643340156859426,0.3311355412006378,0.40244200825691223,0.31140416264534,0.3295482397079468,0.31990233063697815,0.29499390721321106,0.29499390721321106,0.00864868822466889,0.02647375070428791,0.3442002534866333,578.1634212998986,482.10499087173923,0.0,578.2222222222222,482.0740740740741,0,577.0,483.0,0.0,79,4
1,80,11.460806220769882,48.18681451678276,0.3384615480899811,0.06984126567840576,0.17958799964627992,0.3680097758769989,0.7789987921714783,0.3274516063077109,0.44208086712644734,0.4000000059604645,0.2986569106578827,0.2986569106578827,0.018470078833500377,0.1292439219004761,0.5148962438106537,601.0048701389093,486.997106295734,0.0,600.8256880733945,487.0091743119266,0,602.0,487.0,0.0,80,4
1,81,10.336508363485336,30.642980247735977,0.2983516603708267,0.019169718027114868,0.11003993529642807,0.3235653340816498,0.4156288206577301,0.29532881038529535,0.32255768681827346,0.31587302684783936,0.2737484872341156,0.2737484872341156,0.011461751361266908,0.033412206310629,0.33974359929561615,171.95726113911195,491.1507056826958,0.0,171.9157894736842,491.2526315789474,0,174.0,488.0,0.0,81,5
1,82,11.959707230329514,37.13772961497307,0.3648351728916168,0.03125762939453125,0.14974598153735907,0.37631258368492126,0.5467643737792969,0.36241537061604584,0.4036709740757942,0.390720397233963,0.34285715222358704,0.34285715222358704,0.009241432554919512,0.04912917444808513,0.436385840177536,642.3421839915067,497.37375312057077,0.0,642.2173913043479,497.45652173913044,0,644.0,497.0,0.0,82,4
1,83,5.334066152572632,10.49328488111496,0.2957265079021454,0.008547008037567139,0.013908945660718174,0.31111112236976624,0.3599511682987213,0.2963370084762573,0.3086260259151459,0.30305251479148865,0.2759462893009186,0.2759462893009186,0.008016667849091549,0.019976666697390278,0.31697192788124084,234.326181056295,497.8686990937085,0.0,234.3235294117647,497.88235294117646,0,234.0,498.0,0.0,83,5
1,84,9.944322645664215,38.43443313241005,0.3391941487789154,0.04884004592895508,0.1251196755134188,0.3650793731212616,0.5780220031738281,0.3314774215221405,0.4003586784626047,0.38021978735923767,0.29694750905036926,0.29694750905036926,0.013098423199388027,0.07302906034035311,0.4615384638309479,604.8906785065977,498.50144546031794,0.0,604.9375,498.3854166666667,0,603.0,499.0,0.0,84,4
1,85,8.319414228200912,24.016362100839615,0.3042735159397125,0.02869352698326111,0.111083388773987,0.3404151499271393,0.4424908459186554,0.3081264528963301,0.3382586211385861,0.33174604177474976,0.27545788884162903,0.27545788884162903,0.018657888777944734,0.04047397321469919,0.36550672352313995,629.5846339907023,500.0198887582298,0.0,629.4788732394367,499.98591549295776,0,630.0,500.0,0.0,85,4
1,86,6.97167307138443,21.156777173280716,0.29725275933742523,0.032600730657577515,0.05298064555470918,0.3115995228290558,0.4554334580898285,0.29048637797435123,0.3358218598933447,0.3234432339668274,0.2698412835597992,0.2698412835597992,0.010278910295168005,0.049219905931861666,0.3729548305273056,192.43628011058476,501.78257556929475,0.0,192.42857142857142,501.73015873015873,0,193.0,503.0,0.0,86,5
1,87,6.378266453742981,17.403907775878906,0.29621490836143494,0.023443222045898438,0.026291693928588336,0.31086692214012146,0.3975580036640167,0.2899212024428628,0.322294588442202,0.3174603283405304,0.26446887850761414,0.26446887850761414,0.012609714454531216,0.03520821903873112,0.3463980555534363,249.20262666978823,502.59358206394813,0.0,249.22222222222223,502.6111111111111,0,248.0,502.0,0.0,87,5
1,88,5.751160219311714,15.796825930476189,0.2808302938938141,0.0307692289352417,0.029900308711301813,0.2903541028499603,0.4412698447704315,0.27386477234817685,0.31593651860952376,0.303785115480423,0.2332112342119217,0.2332112342119217,0.013656226236708079,0.049424765037138295,0.3521367609500885,163.98041367696112,503.14259213161364,0.0,164.0,503.12,0,164.0,503.0,0.0,88,5
1,89,6.273748755455017,15.379487752914429,0.2866910994052887,0.021001219749450684,0.010528495939566066,0.3062271177768707,0.3658119738101959,0.28517039797522803,0.30758975505828856,0.30207571387290955,0.2735042870044708,0.2735042870044708,0.009331148362929408,0.02677352739420555,0.3323565423488617,542.5299544282897,506.2365709207978,0.0,542.52,506.24,0,543.0,507.0,0.0,89,4
1,90,3.821489781141281,7.018803685903549,0.2946276068687439,0.012576311826705933,0.03957892161382873,0.3094017207622528,0.3452991545200348,0.29396075239548314,0.3051653776479804,0.3032967150211334,0.2757020890712738,0.2757020890712738,0.009543850745605804,0.017644479065453703,0.31782662868499756,143.45330874497245,507.8175840199647,0.0,143.43478260869566,507.7826086956522,0,144.0,509.0,0.0,90,5
1,91,3.9184373021125793,6.888644993305206,0.2769230902194977,0.010012209415435791,0.02607002380646679,0.2908425033092499,0.3162393271923065,0.2798883787223271,0.28702687472105026,0.28693529963493347,0.26813188195228577,0.26813188195228577,0.007168405619831162,0.012590886738304434,0.2915751039981842,233.26420645745648,513.2698075105117,0.0,233.25,513.2916666666666,0,234.0,513.0,0.0,91,5
1,92,2.8825398087501526,4.116239488124847,0.28815630078315735,0.009768009185791016,0.0076769375778178465,0.29499390721321106,0.3162393271923065,0.28825398087501525,0.29401710629463196,0.29206350445747375,0.27912089228630066,0.27912089228630066,0.005427841091669458,0.01061719500596004,0.3034188151359558,134.4926435698012,513.4978049361504,0.0,134.5,513.5,0,135.0,514.0,0.0,92,5
1,93,5.168498396873474,10.780464351177216,0.28632479906082153,0.02490842342376709,0.005165019470476181,0.30402931571006775,0.39926740527153015,0.28713879982630414,0.31707248091697693,0.30402931571006775,0.26520147919654846,0.26520147919654846,0.009355787124393061,0.03659238516669226,0.34981685876846313,204.49569609971138,515.355796674402,0.0,204.5,515.3529411764706,0,204.0,515.0,0.0,93,5
1,94,4.736508131027222,7.557265251874924,0.2946276068687439,0.013308912515640259,0.017572554729164525,0.31599512696266174,0.32796093821525574,0.29603175818920135,0.30229061007499697,0.30122101306915283,0.2739926874637604,0.2739926874637604,0.011600635459935922,0.014342404842629497,0.31507937610149384,246.50250428323844,514.3983584840213,0.0,246.52,514.4,0,247.0,516.0,0.0,94,5
1,95,6.7306473553180695,18.24957314133644,0.32075703144073486,0.020879119634628296,0.03761008361388064,0.33894994854927063,0.4114774167537689,0.32050701691990807,0.34433156870446113,0.3380952477455139,0.3094017207622528,0.3094017207622528,0.008005972825344659,0.027518821890626752,0.36758242547512054,182.67859818765862,515.6730048712782,0.0,182.64150943396226,515.6792452830189,0,183.0,515.0,0.0,95,5
1,96,6.488156408071518,13.9990234375,0.3838827908039093,0.008302807807922363,0.011321738919603478,0.39413920044898987,0.4065934121608734,0.3816562592983246,0.3888617621527778,0.3897435963153839,0.36239317059516907,0.36239317059516907,0.007824224115640556,0.010615031558010279,0.3980464041233063,559.2670690445356,516.1703415550336,0.0,559.2777777777778,516.1666666666666,0,559.0,514.0,0.0,96,4
1,97,3.549939125776291,6.052014917135239,0.27442003786563873,0.013431012630462646,0.025892473296607623,0.2898657023906708,0.34774115681648254,0.2730722404443301,0.28819118653024944,0.28229549527168274,0.25323566794395447,0.25323566794395447,0.01025200497577751,0.024043763742853556,0.30598291754722595,158.92692571784036,516.804785538964,0.0,158.95238095238096,516.8095238095239,0,159.0,517.0,0.0,97,5
1,98,11.201953828334808,49.96508055925369,0.38931624591350555,0.09670329093933105,0.009103569058650434,0.41416361927986145,0.7633699774742126,0.37339846094449364,0.5046977834268049,0.4750915765762329,0.3365079462528229,0.3365079462528229,0.01919988835613217,0.12455974172683176,0.6068986803293228,260.9648301419061,517.5127439410097,0.0,260.969696969697,517.5050505050505,0,261.0,517.0,0.0,98,5
1,99,11.150671869516373,38.01538547873497,0.3501831591129303,0.04224663972854614,0.16940011872640431,0.3670329749584198,0.5604395866394043,0.3378991475611022,0.3959935987368226,0.37460318207740784,0.29987791180610657,0.29987791180610657,0.017227276595535,0.06407539365688437,0.43418803811073303,576.5272012516281,517.183108175445,0.0,576.6770833333334,517.1041666666666,0,576.0,517.0,0.0,99,4
1,100,2.9172162413597107,4.129914700984955,0.2848595976829529,0.011721611022949219,0.02243725087724871,0.3125763237476349,0.3125763237476349,0.2917216241359711,0.29499390721321106,0.2967033088207245,0.2796092927455902,0.2796092927455902,0.010499019613276782,0.010875236491466702,0.3052503168582916,192.55102885731162,521.0807710491981,0.0,192.57142857142858,521.0714285714286,0,191.0,522.0,0.0,100,5
1,101,15.727717190980911,51.20048984885216,0.5746031999588013,0.07692307233810425,0.2554826992743622,0.7367521524429321,0.7965812087059021,0.5617041853921754,0.640006123110652,0.6598290801048279,0.4376068413257599,0.4376068413257599,0.08927405501531659,0.0951820988947249,0.7240537405014038,553.9576946221971,524.4464576956545,0.0,554.025,524.2,0,553.0,527.0,0.0,101,4
1,102,3.4390721917152405,5.2061052322387695,0.28534799814224243,0.004151403903961182,0.006965480806221923,0.30598291754722595,0.3076923191547394,0.2865893493096034,0.28922806845770943,0.29010990262031555,0.27423688769340515,0.27423688769340515,0.008878090886688375,0.009050114136159035,0.29401710629463196,152.16562690568432,525.8264458940442,0.0,152.16666666666666,525.8333333333334,0,152.0,525.0,0.0,102,5
1,103,3.951648533344269,8.406837910413742,0.28327229619026184,0.027960926294326782,0.0351706231036078,0.3025641143321991,0.3899877965450287,0.28226060952459064,0.3113643670523608,0.3007326126098633,0.26129427552223206,0.26129427552223206,0.012318670545691416,0.036498501865255606,0.33266179263591766,245.29422529148852,525.5963806421751,0.0,245.25925925925927,525.5925925925926,0,245.0,526.0,0.0,103,5
1,104,10.492552161216736,30.07838922739029,0.42106227576732635,0.08339439332485199,0.3965881962532122,0.6158730387687683,0.6442002654075623,0.43718967338403064,0.4930883479900047,0.5084249377250671,0.30818071961402893,0.30818071961402893,0.0898297019832181,0.0928954739835297,0.5711843967437744,541.3770124632674,526.0816020029406,0.0,541.0655737704918,525.8360655737705,0,543.0,526.0,0.0,104,4
1,105,3.683516651391983,6.697436183691025,0.2834554463624954,0.009890109300613403,0.006627325780867332,0.2937729060649872,0.31013432145118713,0.2833474347224602,0.2911928775517837,0.29133090376853943,0.2669108808040619,0.2669108808040619,0.008522221795406784,0.012620549013810869,0.3044566661119461,222.04273317297788,526.7457157435103,0.0,222.04347826086956,526.7391304347826,0,222.0,527.0,0.0,105,5
1,106,6.826862215995789,16.555067539215088,0.3420024514198303,0.01636141538619995,0.01842837867747671,0.3687423765659332,0.41196581721305847,0.3413431107997894,0.3598927725916323,0.35873016715049744,0.3223443329334259,0.3223443329334259,0.011636237033557813,0.0227656501408891,0.3747252821922302,264.7334090527057,529.0126266731249,0.0,264.7173913043478,529.0217391304348,0,265.0,529.0,0.0,106,5
1,107,7.510134607553482,21.06031808257103,0.30115996301174164,0.02222222089767456,0.029821482110468648,0.32478633522987366,0.44175824522972107,0.30040538430213926,0.3342907632154132,0.3185592293739319,0.2796092927455902,0.2796092927455902,0.00942288411209412,0.04178853063613232,0.36251527070999146,166.03776582122072,530.0133345675591,0.0,166.03174603174602,529.984126984127,0,166.0,530.0,0.0,107,5
1,108,15.527961313724518,42.09865778684616,0.7100732773542404,0.03064712882041931,0.026154295835720497,0.769474983215332,0.8442002534866333,0.7058164233511145,0.73857294362888,0.7428571581840515,0.6451770663261414,0.6451770663261414,0.03479344086380819,0.04289732582990679,0.7628815770149231,550.1788635332573,532.1670533798203,0.0,550.1754385964912,532.1929824561404,0,551.0,531.0,0.0,108,4
1,109,15.380464315414429,57.142858266830444,0.5355311632156372,0.14700853824615479,0.37259149964101157,0.8525030612945557,1.0,0.5493022969790867,0.680272122224172,0.6695970892906189,0.392918199300766,0.392918199300766,0.13978114801826205,0.1696244290954374,0.833699643611908,533.2944529936659,532.348679483529,0.0,533.2857142857143,531.9761904761905,0,534.0,532.0,0.0,109,4
1,110,20.382662564516068,70.66642472147942,0.598779022693634,0.052258849143981934,0.09758449390445872,0.7308913469314575,0.7804639935493469,0.5994900754269432,0.6483158231328386,0.6540903747081757,0.4979242980480194,0.4979242980480194,0.06437072001172299,0.06799207420984248,0.7031135708093643,542.9207717241256,538.5543733366766,0.0,542.9633027522935,538.6422018348624,0,542.0,540.0,0.0,110,4
1,111,7.891086935997009,22.500855267047882,0.33162394165992737,0.01636141538619995,0.06920199877173648,0.3672771751880646,0.45567765831947327,0.32879528899987537,0.35157586354762316,0.3460317552089691,0.2954823076725006,0.2954823076725006,0.01590209143179284,0.0312943832822057,0.3672771751880646,208.3361587099464,541.8180288953341,0.0,208.296875,541.875,0,210.0,540.0,0.0,111,5
1,112,24.638828575611115,103.66618034243584,0.626800999045372,0.1031745970249176,0.44713447728178596,0.8507936596870422,1.0,0.6009470384295393,0.7249383240729779,0.7368742525577545,0.39829060435295105,0.39829060435295105,0.1124534906585226,0.14036712593197154,0.8278388381004333,528.3090199686393,541.495209815705,0.0,527.8951048951049,541.6643356643357,0,530.0,540.0,0.0,112,4
1,113,6.930403172969818,20.653480380773544,0.3141636252403259,0.026373624801635742,0.010550840002736438,0.3369963467121124,0.4534798562526703,0.31501832604408264,0.3500589895046363,0.3365079462528229,0.30109891295433044,0.30109891295433044,0.010198632568384986,0.039292600954160484,0.38064713776111603,238.58270667891247,546.6958002269395,0.0,238.59322033898306,546.6949152542373,0,238.0,547.0,0.0,113,5
1,114,5.5753359496593475,13.517949104309082,0.3294261395931244,0.010012209415435791,0.0049004899018112525,0.34090355038642883,0.3682539761066437,0.32796093821525574,0.33794872760772704,0.3384615480899811,0.31501832604408264,0.31501832604408264,0.00846763351245403,0.013263894574395004,0.3489621579647064,204.6503179420198,563.5701098349568,0.0,204.65,563.575,0,205.0,564.0,0.0,114,5
1,115,9.891575425863266,34.359219402074814,0.3304029405117035,0.02759462594985962,0.1433657731515238,0.3492063581943512,0.5565323829650879,0.31908307825365373,0.3734697761095088,0.3492063581943512,0.26837608218193054,0.26837608218193054,0.019666793815783998,0.06519730556915426,0.41318681836128235,425.0910370201818,697.5220218782275,0.0,425.0652173913044,697.6630434782609,0,426.0,695.0,0.0,115,6
1,116,3.9694751501083374,7.56678906083107,0.28327229619026184,0.014652013778686523,0.01388711628907536,0.2927961051464081,0.3482295572757721,0.28353393929345266,0.3026715624332428,0.29120880365371704,0.2720390856266022,0.2720390856266022,0.005053288071266412,0.023499836628059732,0.3213064819574356,392.2525656735836,704.1940876530704,0.0,392.24,704.2,0,392.0,704.0,0.0,116,6
1,117,11.04249107837677,42.82539787888527,0.3777777850627899,0.05079364776611328,0.10962725782006168,0.3970696032047272,0.6754578948020935,0.3680830359458923,0.44609789457172155,0.41514042019844055,0.3365079462528229,0.3365079462528229,0.01592529412918101,0.08830970539591022,0.5079365372657776,415.2551576597763,707.7045617869616,0.0,415.3645833333333,707.6979166666666,0,414.0,708.0,0.0,117,6
1,118,5.415873229503632,10.836874634027481,0.29792430996894836,0.009890109300613403,0.029670770958347928,0.3152625262737274,0.33894994854927063,0.3008818460835351,0.3096249895436423,0.30879122018814087,0.287423700094223,0.287423700094223,0.007770143168253051,0.013261074215428024,0.3166056275367737,449.6178876427788,711.1951010635889,0.0,449.6,711.1714285714286,0,450.0,713.0,0.0,118,6
1,119,6.373138219118118,16.551160514354706,0.303785115480423,0.013431012630462646,0.025166771440914365,0.3213675320148468,0.35360196232795715,0.30348277233895804,0.31829154835297513,0.31599512696266174,0.2864468991756439,0.2864468991756439,0.009496159812153966,0.01804968840525635,0.33186814188957214,435.2920164672305,713.0956961819636,0.0,435.3076923076923,713.1153846153846,0,435.0,712.0,0.0,119,6
1,120,7.1921859085559845,19.83516550064087,0.2907204031944275,0.024175822734832764,0.07277772522355604,0.31111112236976624,0.4075702130794525,0.28768743634223937,0.319922024203885,0.31111112236976624,0.2705738842487335,0.2705738842487335,0.00948476206872397,0.037277412778935835,0.3463980555534363,354.113462597816,716.2906494275586,0.0,354.0483870967742,716.258064516129,0,355.0,716.0,0.0,120,6
1,121,3.8671551942825317,5.941880524158478,0.31599512696266174,0.017826616764068604,0.02777518075700743,0.3470085561275482,0.3677655756473541,0.3222629328568776,0.3301044735643599,0.3291819393634796,0.3023199141025543,0.3023199141025543,0.013497202927715873,0.019051366739690906,0.34957265853881836,420.51524740944046,717.7545618958984,0.0,420.5,717.7777777777778,0,421.0,717.0,0.0,121,6
1,122,6.5137975215911865,14.227106660604477,0.32680098712444305,0.005128204822540283,0.01894220721592924,0.3413919508457184,0.34969475865364075,0.32568987607955935,0.33086294559545293,0.3324786424636841,0.30720391869544983,0.30720391869544983,0.00982616936844912,0.00991962929038229,0.3371184468269348,406.2220906291612,719.9692756594087,0.0,406.2325581395349,719.953488372093,0,407.0,721.0,0.0,122,6
1,123,9.860073626041412,30.68620353937149,0.31294262409210205,0.02124541997909546,0.05621302981188475,0.33260074257850647,0.4652014672756195,0.30812730081379414,0.34095781710412765,0.3272283375263214,0.2805860936641693,0.2805860936641693,0.011101501707009397,0.04130202950297692,0.36544567346572876,458.9825799763267,725.4650246650313,0.0,458.96666666666664,725.4111111111112,0,460.0,726.0,0.0,123,6
1,124,4.460317641496658,8.492308020591736,0.2976801097393036,0.008058607578277588,0.013518767528914389,0.31794872879981995,0.31990233063697815,0.29735450943311054,0.3032967150211334,0.30183151364326477,0.28498169779777527,0.28498169779777527,0.008065100524207591,0.009692494901642285,0.313553124666214,331.50031631006783,729.406372209392,0.0,331.5,729.3928571428571,0,332.0,729.0,0.0,124,6
1,125,3.1372406780719757,4.393895179033279,0.28235654532909393,0.014407813549041748,0.0179881119021005,0.30598291754722595,0.3206349313259125,0.28520369800654327,0.2929263452688853,0.28913310170173645,0.2720390856266022,0.2720390856266022,0.00959297812152854,0.015357810924150183,0.3103785216808319,343.5843383553977,732.3911521156115,0.0,343.6,732.4,0,343.0,732.0,0.0,125,6
1,126,7.668620556592941,24.289866387844086,0.3142857253551483,0.025641024112701416,0.026368947518697155,0.32893773913383484,0.41807082295417786,0.30674482226371763,0.3373592553867234,0.33162394165992737,0.29328450560569763,0.29328450560569763,0.01054024769848262,0.031755968318621125,0.3621489703655243,405.45933827413324,739.4674515145509,0.0,405.47222222222223,739.4444444444445,0,405.0,740.0,0.0,126,6
1,127,10.580708503723145,38.6612950861454,0.3365079462528229,0.04249083995819092,0.056081631428495676,0.36336997151374817,0.5240537524223328,0.33064714074134827,0.38661295086145403,0.37435898184776306,0.30793651938438416,0.30793651938438416,0.01187639390947591,0.057075603857387525,0.4195360243320465,318.35946007499695,742.4564357781231,0.0,318.31,742.43,0,320.0,742.0,0.0,127,6
1,128,6.114774316549301,13.839805006980896,0.3213675320148468,0.02124541997909546,0.038365570539251104,0.3533577620983124,0.40927961468696594,0.3218302271868053,0.3459951251745224,0.3394383490085602,0.29987791180610657,0.29987791180610657,0.014160708930618602,0.031197358283118065,0.366788774728775,365.81160673009316,741.6885167811705,0.0,365.775,741.7,0,366.0,742.0,0.0,128,6
1,129,4.48791229724884,8.367765933275223,0.277655690908432,0.010256409645080566,0.028597574086491506,0.3047619163990021,0.3196581304073334,0.2804945185780525,0.2885436528715594,0.28925520181655884,0.26056167483329773,0.26056167483329773,0.011021818161656958,0.014542912836814628,0.29792430996894836,342.1008579936137,742.7301406671568,0.0,342.1034482758621,742.7586206896551,0,342.0,742.0,0.0,129,6
1,130,5.972405552864075,12.196825712919235,0.33180709183216095,0.018681317567825317,0.02524434122427951,0.36263737082481384,0.3970696032047272,0.33180030849244857,0.3484807346548353,0.34859585762023926,0.3086691200733185,0.3086691200733185,0.016120258236333822,0.02434185745236627,0.3691697269678116,374.20676330623377,744.0729988398333,0.0,374.22857142857146,744.0857142857143,0,374.0,743.0,0.0,130,6
1,131,4.525519073009491,8.051038086414337,0.3225885331630707,0.013431012630462646,0.006313021535520711,0.3509157598018646,0.39242979884147644,0.32325136235782076,0.33545992026726407,0.33357754349708557,0.29890111088752747,0.29890111088752747,0.015216305509399756,0.023550289896323087,0.3509157598018646,308.543540901893,744.7439716102296,0.0,308.5416666666667,744.75,0,308.0,745.0,0.0,131,6
1,132,4.884005069732666,8.133333623409271,0.2974359095096588,0.020024418830871582,0.07094026708478275,0.3413919508457184,0.3452991545200348,0.3052503168582916,0.31282052397727966,0.31770452857017517,0.27814409136772156,0.27814409136772156,0.01997074196008892,0.02003094657227464,0.33174604177474976,359.53221641072884,745.0060949973176,0.0,359.46153846153845,745.0,0,360.0,745.0,0.0,132,6
1,133,7.6840052008628845,25.717460989952087,0.3014652132987976,0.03907203674316406,0.03809037240061757,0.3201465308666229,0.48742368817329407,0.29553866157164943,0.3475332566209742,0.33382174372673035,0.28009769320487976,0.28009769320487976,0.009486965009534786,0.053490844387227995,0.3965812027454376,433.57841861553584,747.1716597194674,0.0,433.5405405405405,747.1756756756756,0,434.0,747.0,0.0,133,6
1,134,7.251526474952698,17.653968662023544,0.33394384384155273,0.021001219749450684,0.039251723747138846,0.3518925607204437,0.4632478654384613,0.32961483977057715,0.36028507473517435,0.3479853570461273,0.3047619163990021,0.3047619163990021,0.011842379477776064,0.04082162203057824,0.3819902390241623,369.2615467580319,747.8700842394508,0.0,369.2244897959184,747.8571428571429,0,369.0,748.0,0.0,134,6
1,135,8.172649830579758,20.609280198812485,0.32881563901901245,0.009890109300613403,0.028699516157225012,0.3433455526828766,0.3658119738101959,0.3269059932231903,0.33785705243954894,0.33858364820480347,0.30305251479148865,0.30305251479148865,0.010245640575567242,0.013789444568774362,0.3482295572757721,297.38954914569615,760.856365896663,0.0,297.40983606557376,760.8360655737705,0,296.0,761.0,0.0,135,6
1,136,11.77387085556984,44.85738813877106,0.3717948794364929,0.056410253047943115,0.0486917977156504,0.4000000059604645,0.5892552137374878,0.35678396532029816,0.42721322036924814,0.41404151916503906,0.31013432145118713,0.31013432145118713,0.023598760260121955,0.07107757455189151,0.4862637370824814,345.52483246246265,762.4644647728728,0.0,345.4761904761905,762.4666666666667,0,345.0,762.0,0.0,136,6
1,137,5.009279817342758,7.71086722612381,0.2914530038833618,0.006837606430053711,0.029251590065455118,0.3062271177768707,0.31184372305870056,0.29466351866722107,0.2965718163893773,0.29816851019859314,0.2805860936641693,0.27936509251594543,0.007290940649694644,0.009228609380245249,0.3036630153656006,320.6252533598533,766.9292500627189,0.0,320.65384615384613,766.9230769230769,0,321.0,767.0,0.0,137,6
1,138,7.4004886746406555,23.05543401837349,0.31184372305870056,0.03711843490600586,0.037798990583295854,0.33992674946784973,0.5035409331321716,0.308353694776694,0.36024115653708577,0.34261295199394226,0.28424909710884094,0.28424909710884094,0.013330641138445625,0.05969627996398427,0.4075702130794525,414.4648243890397,767.4051497712497,0.0,414.484375,767.4375,0,415.0,767.0,0.0,138,6
1,139,6.087423861026764,13.902320206165314,0.33772894740104675,0.023687422275543213,0.020693872761789175,0.3572649657726288,0.44078144431114197,0.3381902145014869,0.3658505317411925,0.3572649657726288,0.3206349313259125,0.3206349313259125,0.010524211108518852,0.0332667312582325,0.3836385905742645,355.98596521944575,772.1482346728045,0.0,355.9736842105263,772.1315789473684,0,356.0,772.0,0.0,139,6
1,140,7.034432500600815,19.91330948472023,0.313247874379158,0.024542123079299927,0.007697020990463077,0.3235653340816498,0.42686203122138977,0.3058448913304702,0.3375137200800039,0.3302808403968811,0.28522589802742004,0.28522589802742004,0.011109465466883475,0.03535405869449363,0.360805869102478,389.70583113671523,772.6731865845167,0.0,389.7118644067797,772.6779661016949,0,389.0,773.0,0.0,140,6
1,141,10.928449600934982,29.707448691129684,0.3560439646244049,0.015262514352798462,0.07590682318828844,0.37460318207740784,0.4610500633716583,0.35253063228822523,0.3760436543180973,0.3692307770252228,0.3350427448749542,0.3350427448749542,0.010792804883453182,0.029787248508177364,0.38852259516716003,368.7450514533834,775.7783020454153,0.0,368.6835443037975,775.8227848101266,0,370.0,775.0,0.0,141,6
1,142,5.027838975191116,10.25934088230133,0.33577534556388855,0.03492063283920288,0.02788385934496756,0.37167277932167053,0.4534798562526703,0.3351892650127411,0.3664050315107618,0.37069597840309143,0.30305251479148865,0.30305251479148865,0.01952457831124527,0.040472060157404566,0.4009768068790436,350.7063934091433,778.2481433877546,0.0,350.67857142857144,778.25,0,351.0,778.0,0.0,142,6
1,143,5.913064956665039,15.01978075504303,0.29792430996894836,0.015628814697265625,0.024064170517700382,0.313553124666214,0.34945055842399597,0.295653247833252,0.31291209906339645,0.31379732489585876,0.2818070948123932,0.2818070948123932,0.008104394546476665,0.018269486816367753,0.32771673798561096,408.95782525485345,780.0930478337907,0.0,408.9791666666667,780.1041666666666,0,408.0,780.0,0.0,143,6
1,144,6.356288433074951,17.42686253786087,0.289621502161026,0.0317460298538208,0.01856684202787297,0.30598291754722595,0.48253968358039856,0.28892220150340686,0.3351319718819398,0.31575092673301697,0.27032968401908875,0.27032968401908875,0.010688226507144696,0.05690685665787291,0.3777777850627899,337.7467875495473,780.7790731900226,0.0,337.7307692307692,780.7884615384615,0,338.0,781.0,0.0,144,6
1,145,7.533577769994736,20.683516919612885,0.3291819393634796,0.034676432609558105,0.02439690783118679,0.35482296347618103,0.4879120886325836,0.3275468595649885,0.36934851642165867,0.3631257712841034,0.30500611662864685,0.30500611662864685,0.01256157485332771,0.04658807994046211,0.40024420619010925,374.24535118659975,784.8298681219892,0.0,374.26785714285717,784.8392857142857,0,374.0,785.0,0.0,145,6
1,146,3.6031747460365295,5.471306681632996,0.2987790107727051,0.006105005741119385,0.008302060083464406,0.3152625262737274,0.3152625262737274,0.3002645621697108,0.3039614823129442,0.30500611662864685,0.2886447012424469,0.2886447012424469,0.007353399937885627,0.008046596455380303,0.31086692214012146,328.93840660626034,788.6609685343681,0.0,328.94444444444446,788.6666666666666,0,329.0,787.0,0.0,146,6
1,147,7.698657184839249,23.416362047195435,0.3123321235179901,0.028327226638793945,0.04009258925344233,0.3291819393634796,0.43516483902931213,0.30794628739356994,0.34435826539993286,0.33675214648246765,0.287423700094223,0.287423700094223,0.011089482778172349,0.03911977621162154,0.37240538001060486,392.7897799565752,790.8486807766111,0.0,392.79411764705884,790.8088235294117,0,393.0,791.0,0.0,147,6
1,148,6.769719451665878,18.97362694144249,0.29694750905036926,0.02869352698326111,0.01419739364030116,0.3181929290294647,0.44590964913368225,0.29433562833329907,0.3328706480954823,0.3201465308666229,0.2669108808040619,0.2669108808040619,0.012045702632120738,0.04381320881592838,0.3662393242120743,322.1522967414044,795.3432050150375,0.0,322.140350877193,795.3508771929825,0,323.0,795.0,0.0,148,6
1,149,5.071306675672531,11.773382544517517,0.30109891295433044,0.025641024112701416,0.037641368039686346,0.3262515366077423,0.4134310185909271,0.29831215739250183,0.32703840401437545,0.3262515366077423,0.26544567942619324,0.26544567942619324,0.01654192087611184,0.035742935406959116,0.3582417666912079,373.17209408649705,794.9974902541497,0.0,373.19444444444446,795.0277777777778,0,373.0,795.0,0.0,149,6
1,150,3.781440943479538,6.0615386962890625,0.2835164964199066,0.021489620208740234,0.01756535027390106,0.3123321235179901,0.3462759554386139,0.2908800725753491,0.30307693481445314,0.30989012122154236,0.2749694883823395,0.2749694883823395,0.013843853999679818,0.021062025605216562,0.31892552971839905,313.1152606543692,800.441302071599,0.0,313.1,800.45,0,313.0,800.0,0.0,150,6
1,151,10.429304391145706,21.977534294128418,0.31306472420692444,0.008791208267211914,0.03366664895855163,0.33284494280815125,0.3589743673801422,0.31603952700441534,0.3231990337371826,0.323321133852005,0.3006105124950409,0.29987791180610657,0.008021737247353335,0.012946168983234628,0.3304029405117035,336.9270428244771,802.6753261211758,0.0,336.94117647058823,802.7058823529412,0,336.0,799.0,0.0,151,6
1,152,3.35262531042099,5.500610738992691,0.279853492975235,0.011233210563659668,0.008641576865261173,0.2903541028499603,0.31697192788124084,0.2793854425350825,0.28950582836803634,0.2854700982570648,0.2669108808040619,0.2669108808040619,0.006728782371507388,0.014834534458671684,0.3055555671453476,360.9957824643631,802.7819311883458,0.0,361.0,802.7894736842105,0,361.0,803.0,0.0,152,6
